Project Name,Project Description,Skills Required,Framework,Tools & Technologies,Categorized Category,Categorized Domain
AI Chatbot Development,Develop an AI-based chatbot using NLP and machine learning techniques to assist users in real-time.,"['Python', 'Natural Language Processing (NLP)', 'Machine Learning', 'Deep Learning', 'TensorFlow', 'PyTorch', 'Data Preprocessing', 'Model Deployment', 'OpenCV', 'Scikit-learn', 'Keras', 'Cloud Deployment']",Spark MLlib,"Kaggle Notebooks, Weights & Biases, Neptune.ai",Artificial Intelligence,Healthcare
E-commerce Website,"Build an e-commerce platform with dynamic product listings, secure payments, and a user-friendly interface.","['HTML', 'CSS', 'JavaScript', 'PHP', 'Bootstrap', 'Responsive Design', 'Web APIs', 'SEO Optimization', 'RESTful Services', 'JSON', 'XML', 'AJAX']",Django,"Chrome DevTools, Webpack, NPM",Software Engineering,E-commerce
Healthcare Prediction System,Create a predictive system for diagnosing diseases based on patient data using machine learning models.,"['Python', 'Pandas', 'Scikit-learn', 'Matplotlib', 'Data Visualization', 'SQL', 'ETL Processes', 'Feature Engineering', 'Data Cleaning', 'Data Analysis', 'NumPy', 'Statsmodels']",TensorFlow,"Kaggle Notebooks, Weights & Biases, Neptune.ai",Analytics,Education
Social Media Analysis Tool,Analyze trends and sentiments in social media data using advanced data visualization tools.,"['Python', 'Big Data', 'Hadoop', 'Apache Spark', 'Data Warehousing', 'SQL', 'Data Pipelines', 'Hive', 'Cloud Storage', 'Kafka', 'AWS', 'Google Cloud']",Ethereum,"VS Code, Figma, Git, Chrome DevTools",Web Development,Entertainment
Online Quiz Platform,Develop an interactive online quiz application with real-time scoring and leaderboards.,"['JavaScript', 'Node.js', 'React', 'Redux', 'MongoDB', 'Express.js', 'TypeScript', 'Webpack', 'GraphQL', 'Jest', 'Next.js', 'Firebase']",Spring Boot,"VS Code, Git, Docker, Postman",Web Development,Education
IoT Home Automation,Implement IoT solutions for automating household devices with remote monitoring capabilities.,"['C++', 'Arduino', 'Internet of Things (IoT)', 'Embedded Systems', 'Raspberry Pi', 'Sensor Integration', 'Edge Computing', 'Firmware Development', 'Zigbee', 'LoRaWAN', 'IoT Security']",MQTT,"Node-RED, Blynk, ThingSpeak",Internet of Things,Manufacturing
Blockchain Voting System,Design a blockchain system to enable secure and transparent voting mechanisms.,"['Solidity', 'Blockchain', 'Cryptography', 'Smart Contracts', 'Decentralized Applications (DApps)', 'Hyperledger', 'Blockchain Testing', 'Consensus Mechanisms', 'Ethereum', 'Polkadot', 'IPFS']",web3.js,"IPFS, Infura, Chainlink, Moralis",Distributed Systems,Supply Chain
Weather Forecasting App,Develop a weather forecasting application using historical data and predictive analytics.,"['Python', 'Flask', 'Data Science', 'NumPy', 'SciPy', 'Data Wrangling', 'Predictive Modeling', 'Streamlit', 'Visualization Dashboards', 'Seaborn', 'Altair', 'Plotly']",Node.js,"VS Code, Git, Docker, Postman",Cloud Computing,E-commerce
Game Development,Create an immersive game with engaging mechanics and high-quality graphics.,"['C#', 'Unity', 'Game Design', '3D Modeling', 'Physics Engines', 'Shader Programming', 'Augmented Reality (AR)', 'Virtual Reality (VR)', 'Game AI', 'Multiplayer Networking', 'Animation Systems']",Express.js,"Unity Editor, Blender, Unreal Engine, Oculus SDK, Photon",Cybersecurity,Healthcare
Cybersecurity Dashboard,Design a dashboard for monitoring cybersecurity threats and managing preventive actions.,"['Python', 'Network Security', 'Django', 'Penetration Testing', 'Encryption Algorithms', 'Ethical Hacking', 'Firewall Management', 'Cyber Threat Analysis', 'SIEM Tools', 'Incident Response', 'Network Forensics']",Flask,"SIEM Tools, Splunk, LogRhythm",Cybersecurity,Healthcare
SONAR Rock vs Mine Prediction with Python | End To End Python Machine Learning Project,Classify SONAR signals as rocks or mines using Python and machine learning.,"['Python', 'Natural Language Processing (NLP)', 'Machine Learning', 'Deep Learning', 'TensorFlow', 'PyTorch', 'Data Preprocessing', 'Model Deployment', 'OpenCV', 'Scikit-learn', 'Keras', 'Cloud Deployment']",Keras,"Jupyter Notebook, Anaconda, Google Colab, AWS SageMaker",Analytics,Healthcare
House Price Prediction using Machine Learning with Python | Machine Learning Project,"Predict house prices based on features like location, size, and amenities using regression techniques.","['HTML', 'CSS', 'JavaScript', 'PHP', 'Bootstrap', 'Responsive Design', 'Web APIs', 'SEO Optimization', 'RESTful Services', 'JSON', 'XML', 'AJAX']",Pandas,"Jupyter Notebook, Anaconda, Google Colab, AWS SageMaker",Analytics,Education
Fake News Prediction using Machine Learning with Python | Machine Learning Projects,Detect fake news articles using natural language processing and machine learning.,"['Python', 'Pandas', 'Scikit-learn', 'Matplotlib', 'Data Visualization', 'SQL', 'ETL Processes', 'Feature Engineering', 'Data Cleaning', 'Data Analysis', 'NumPy', 'Statsmodels']",XGBoost,"Kaggle Notebooks, Weights & Biases, Neptune.ai",Analytics,Finance
Loan Status Prediction using Machine Learning with Python | Machine Learning Project,Build a system to predict loan approval status using applicant's financial data and credit history.,"['Python', 'Big Data', 'Hadoop', 'Apache Spark', 'Data Warehousing', 'SQL', 'Data Pipelines', 'Hive', 'Cloud Storage', 'Kafka', 'AWS', 'Google Cloud']",TensorFlow,"Jupyter Notebook, Anaconda, Google Colab, AWS SageMaker",Data Science,Technology
Wine Quality Prediction using Machine Learning with Python | Machine Learning Project,Predict the quality of wine based on physicochemical tests using classification algorithms.,"['JavaScript', 'Node.js', 'React', 'Redux', 'MongoDB', 'Express.js', 'TypeScript', 'Webpack', 'GraphQL', 'Jest', 'Next.js', 'Firebase']",PyTorch,"Kaggle Notebooks, Weights & Biases, Neptune.ai",Data Science,Education
Car Price Prediction using Machine Learning with Python | Machine Learning Projects,"Estimate car prices by analyzing features like brand, mileage, and condition using regression.","['C++', 'Arduino', 'Internet of Things (IoT)', 'Embedded Systems', 'Raspberry Pi', 'Sensor Integration', 'Edge Computing', 'Firmware Development', 'Zigbee', 'LoRaWAN', 'IoT Security']",Pandas,"Jupyter Notebook, Anaconda, Google Colab, AWS SageMaker",Artificial Intelligence,Technology
Gold Price Prediction using Machine Learning with Python | Machine Learning Projects,Predict the price of gold by analyzing historical market trends using machine learning.,"['Solidity', 'Blockchain', 'Cryptography', 'Smart Contracts', 'Decentralized Applications (DApps)', 'Hyperledger', 'Blockchain Testing', 'Consensus Mechanisms', 'Ethereum', 'Polkadot', 'IPFS']",NumPy,"Kaggle Notebooks, Weights & Biases, Neptune.ai",Data Science,Technology
Heart Disease Prediction using Machine Learning with Python | Machine Learning Projects,Develop a model to identify potential heart disease cases using patient health data.,"['Python', 'Flask', 'Data Science', 'NumPy', 'SciPy', 'Data Wrangling', 'Predictive Modeling', 'Streamlit', 'Visualization Dashboards', 'Seaborn', 'Altair', 'Plotly']",XGBoost,"MLflow, DataRobot, H2O.ai, Databricks",Data Science,Education
Credit Card Fraud Detection using Machine Learning in Python | Machine Learning Projects,Create a fraud detection system for credit card transactions using anomaly detection techniques.,"['C#', 'Unity', 'Game Design', '3D Modeling', 'Physics Engines', 'Shader Programming', 'Augmented Reality (AR)', 'Virtual Reality (VR)', 'Game AI', 'Multiplayer Networking', 'Animation Systems']",Scikit-learn,"Kaggle Notebooks, Weights & Biases, Neptune.ai",Artificial Intelligence,Healthcare
Medical Insurance Cost Prediction using Machine Learning with Python | ML Projects,Predict medical insurance costs based on patient demographics and health conditions using regression.,"['Python', 'Network Security', 'Django', 'Penetration Testing', 'Encryption Algorithms', 'Ethical Hacking', 'Firewall Management', 'Cyber Threat Analysis', 'SIEM Tools', 'Incident Response', 'Network Forensics']",PyTorch,"MLflow, DataRobot, H2O.ai, Databricks",Data Science,Finance
Big Mart Sales Prediction using Machine Learning with Python | Machine Learning Projects,Forecast sales for a retail store based on historical data using time series analysis.,"['Python', 'Natural Language Processing (NLP)', 'Machine Learning', 'Deep Learning', 'TensorFlow', 'PyTorch', 'Data Preprocessing', 'Model Deployment', 'OpenCV', 'Scikit-learn', 'Keras', 'Cloud Deployment']",Spark MLlib,"Jupyter Notebook, Anaconda, Google Colab, AWS SageMaker",Data Science,Healthcare
Customer Segmentation using K-Means Clustering with Python | Machine Learning Projects,Segment customers into groups based on purchasing behavior using clustering techniques.,"['HTML', 'CSS', 'JavaScript', 'PHP', 'Bootstrap', 'Responsive Design', 'Web APIs', 'SEO Optimization', 'RESTful Services', 'JSON', 'XML', 'AJAX']",NumPy,"MLflow, DataRobot, H2O.ai, Databricks",Data Science,Technology
Parkinson's Disease Detection using Machine Learning - Python | Machine Learning Project,Build a machine learning model to detect Parkinson's disease based on vocal data.,"['Python', 'Pandas', 'Scikit-learn', 'Matplotlib', 'Data Visualization', 'SQL', 'ETL Processes', 'Feature Engineering', 'Data Cleaning', 'Data Analysis', 'NumPy', 'Statsmodels']",Spark MLlib,"Jupyter Notebook, Anaconda, Google Colab, AWS SageMaker",Data Science,Finance
Titanic Survival Prediction using Machine Learning in Python | Machine Learning Project,Predict survival chances of Titanic passengers based on their demographics and ticket details.,"['Python', 'Big Data', 'Hadoop', 'Apache Spark', 'Data Warehousing', 'SQL', 'Data Pipelines', 'Hive', 'Cloud Storage', 'Kafka', 'AWS', 'Google Cloud']",TensorFlow,"Jupyter Notebook, Anaconda, Google Colab, AWS SageMaker",Analytics,Finance
Calories Burnt Prediction using Machine Learning with Python | Machine Learning Projects,Estimate calories burned during physical activities using regression models.,"['JavaScript', 'Node.js', 'React', 'Redux', 'MongoDB', 'Express.js', 'TypeScript', 'Webpack', 'GraphQL', 'Jest', 'Next.js', 'Firebase']",TensorFlow,"Jupyter Notebook, Anaconda, Google Colab, AWS SageMaker",Analytics,Healthcare
Spam Mail Prediction using Machine Learning with Python | Machine Learning Projects,Classify emails as spam or not spam using natural language processing techniques.,"['C++', 'Arduino', 'Internet of Things (IoT)', 'Embedded Systems', 'Raspberry Pi', 'Sensor Integration', 'Edge Computing', 'Firmware Development', 'Zigbee', 'LoRaWAN', 'IoT Security']",TensorFlow,"MLflow, DataRobot, H2O.ai, Databricks",Artificial Intelligence,Education
Movie Recommendation System using Machine Learning with Python,Build a movie recommendation system using collaborative filtering techniques.,"['Solidity', 'Blockchain', 'Cryptography', 'Smart Contracts', 'Decentralized Applications (DApps)', 'Hyperledger', 'Blockchain Testing', 'Consensus Mechanisms', 'Ethereum', 'Polkadot', 'IPFS']",NumPy,"Kaggle Notebooks, Weights & Biases, Neptune.ai",Analytics,Technology
Breast Cancer Classification using Machine Learning | Machine Learning Projects,Classify breast cancer cases as malignant or benign using supervised learning algorithms.,"['Python', 'Flask', 'Data Science', 'NumPy', 'SciPy', 'Data Wrangling', 'Predictive Modeling', 'Streamlit', 'Visualization Dashboards', 'Seaborn', 'Altair', 'Plotly']",Scikit-learn,"Kaggle Notebooks, Weights & Biases, Neptune.ai",Data Science,Education
Dog vs Cat Classification using Transfer Learning | Deep Learning Projects in Python,Classify images of dogs and cats using deep learning and transfer learning techniques.,"['C#', 'Unity', 'Game Design', '3D Modeling', 'Physics Engines', 'Shader Programming', 'Augmented Reality (AR)', 'Virtual Reality (VR)', 'Game AI', 'Multiplayer Networking', 'Animation Systems']",Keras,"Jupyter Notebook, Anaconda, Google Colab, AWS SageMaker",Artificial Intelligence,Finance
Object Recognition using ResNet50 | Deep Learning Projects in Python,Develop an object recognition system using ResNet50 to identify objects in images.,"['Python', 'Network Security', 'Django', 'Penetration Testing', 'Encryption Algorithms', 'Ethical Hacking', 'Firewall Management', 'Cyber Threat Analysis', 'SIEM Tools', 'Incident Response', 'Network Forensics']",TensorFlow,"Nvidia Deep Learning SDK, Intel OneAPI",Computer Vision,Media
Face Mask Detection using Convolutional Neural Network (CNN) - Deep Learning Projects,Build a face mask detection application using CNNs for real-time monitoring.,"['Python', 'Natural Language Processing (NLP)', 'Machine Learning', 'Deep Learning', 'TensorFlow', 'PyTorch', 'Data Preprocessing', 'Model Deployment', 'OpenCV', 'Scikit-learn', 'Keras', 'Cloud Deployment']",Caffe,"CUDA, TensorBoard, Weights & Biases",Data Science,Healthcare
Fashion MNIST - Image Classification CNN - End to End Deep Learning Project | Docker,Classify fashion items using CNNs with the Fashion MNIST dataset in an end-to-end project.,"['HTML', 'CSS', 'JavaScript', 'PHP', 'Bootstrap', 'Responsive Design', 'Web APIs', 'SEO Optimization', 'RESTful Services', 'JSON', 'XML', 'AJAX']",Pandas,"Kaggle Notebooks, Weights & Biases, Neptune.ai",Data Science,Healthcare
Plant Disease Prediction with CNN - End to End Deep Learning Project | Docker,Detect plant diseases from leaf images using CNNs and deploy the model using Docker.,"['Python', 'Pandas', 'Scikit-learn', 'Matplotlib', 'Data Visualization', 'SQL', 'ETL Processes', 'Feature Engineering', 'Data Cleaning', 'Data Analysis', 'NumPy', 'Statsmodels']",NumPy,"MLflow, DataRobot, H2O.ai, Databricks",Artificial Intelligence,Education
Breast Cancer Prediction Using Neural Networks in PyTorch | Deep Learning Projects,Predict breast cancer using neural networks implemented in PyTorch.,"['Python', 'Big Data', 'Hadoop', 'Apache Spark', 'Data Warehousing', 'SQL', 'Data Pipelines', 'Hive', 'Cloud Storage', 'Kafka', 'AWS', 'Google Cloud']",Spark MLlib,"MLflow, DataRobot, H2O.ai, Databricks",Data Science,Technology
Handwritten Digits Generator - DCGAN (Generative Adversarial Network) | Deep Learning,Generate handwritten digits using DCGAN for digit synthesis applications.,"['JavaScript', 'Node.js', 'React', 'Redux', 'MongoDB', 'Express.js', 'TypeScript', 'Webpack', 'GraphQL', 'Jest', 'Next.js', 'Firebase']",MXNet,"Google Colab Pro, Paperspace, Azure ML",Computer Vision,Healthcare
Sentiment Analysis on IMDB Reviews with LSTM | Deep Learning Projects,Perform sentiment analysis on IMDB reviews using LSTM networks for text classification.,"['C++', 'Arduino', 'Internet of Things (IoT)', 'Embedded Systems', 'Raspberry Pi', 'Sensor Integration', 'Edge Computing', 'Firmware Development', 'Zigbee', 'LoRaWAN', 'IoT Security']",Scikit-learn,"MLflow, DataRobot, H2O.ai, Databricks",Artificial Intelligence,Finance
Customer Churn Prediction Using Machine Learning | Complete ML Project Walkthrough,Develop a customer churn prediction model using machine learning techniques.,"['Solidity', 'Blockchain', 'Cryptography', 'Smart Contracts', 'Decentralized Applications (DApps)', 'Hyperledger', 'Blockchain Testing', 'Consensus Mechanisms', 'Ethereum', 'Polkadot', 'IPFS']",TensorFlow,"Kaggle Notebooks, Weights & Biases, Neptune.ai",Artificial Intelligence,Technology
Email Spam Classifier | SMS Spam Classifier | End to End Project | Heroku Deployment,Build an email and SMS spam classifier using end-to-end machine learning deployment on Heroku.,"['Python', 'Flask', 'Data Science', 'NumPy', 'SciPy', 'Data Wrangling', 'Predictive Modeling', 'Streamlit', 'Visualization Dashboards', 'Seaborn', 'Altair', 'Plotly']",Spark MLlib,"Kaggle Notebooks, Weights & Biases, Neptune.ai",Artificial Intelligence,Healthcare
WhatsApp Chat Analysis Project | End to End Project with Heroku Deployment,Analyze WhatsApp chat data to identify trends and insights using Python.,"['C#', 'Unity', 'Game Design', '3D Modeling', 'Physics Engines', 'Shader Programming', 'Augmented Reality (AR)', 'Virtual Reality (VR)', 'Game AI', 'Multiplayer Networking', 'Animation Systems']",Flask,"Firebase, Heroku, Netlify, AWS Amplify",Cloud Computing,Education
Olympics Data Analysis | Data Analysis Project | Machine Learning with Deployment,Perform data analysis on Olympics datasets and deploy machine learning models for predictions.,"['Python', 'Network Security', 'Django', 'Penetration Testing', 'Encryption Algorithms', 'Ethical Hacking', 'Firewall Management', 'Cyber Threat Analysis', 'SIEM Tools', 'Incident Response', 'Network Forensics']",NumPy,"Kaggle Notebooks, Weights & Biases, Neptune.ai",Artificial Intelligence,Education
Book Recommender System | Machine Learning Project | Collaborative Filtering Based Recommender,Build a book recommendation system using collaborative filtering techniques.,"['Python', 'Natural Language Processing (NLP)', 'Machine Learning', 'Deep Learning', 'TensorFlow', 'PyTorch', 'Data Preprocessing', 'Model Deployment', 'OpenCV', 'Scikit-learn', 'Keras', 'Cloud Deployment']",NumPy,"MLflow, DataRobot, H2O.ai, Databricks",Analytics,Education
Super Market Billing System With File Handling & OOP | C++ Project with source code,Develop a supermarket billing system using file handling and object-oriented programming in C++.,"['HTML', 'CSS', 'JavaScript', 'PHP', 'Bootstrap', 'Responsive Design', 'Web APIs', 'SEO Optimization', 'RESTful Services', 'JSON', 'XML', 'AJAX']",Flask,"Webpack, Babel, NPM, Firebase Tools",Cybersecurity,Entertainment
Hostel Accommodation System with File Handling & OOP in C++ | with Source Code,Create a hostel accommodation management system using C++ with file handling and OOP.,"['Python', 'Pandas', 'Scikit-learn', 'Matplotlib', 'Data Visualization', 'SQL', 'ETL Processes', 'Feature Engineering', 'Data Cleaning', 'Data Analysis', 'NumPy', 'Statsmodels']",TensorFlow,"PyCharm, Seaborn, Pandas, Tableau",IoT,Technology
How To Create Airlines Reservation System With File Handling & OOP in C++| source code,Build an airline reservation system using C++ with file handling and OOP concepts.,"['Python', 'Big Data', 'Hadoop', 'Apache Spark', 'Data Warehousing', 'SQL', 'Data Pipelines', 'Hive', 'Cloud Storage', 'Kafka', 'AWS', 'Google Cloud']",Django,"Flask, Matplotlib, Plotly, Heroku, AWS Lambda",Web Development,E-commerce
University Management System With File Handling & OOP | C++ Project with source code,Develop a university management system using MySQL and object-oriented programming in C++.,"['JavaScript', 'Node.js', 'React', 'Redux', 'MongoDB', 'Express.js', 'TypeScript', 'Webpack', 'GraphQL', 'Jest', 'Next.js', 'Firebase']",Django,"PyCharm, Seaborn, Pandas, Tableau",Data Science,Technology
Student Report Card Management System With File Handling & OOP In C++,Create a student report card management system with file handling and OOP in C++.,"['C++', 'Arduino', 'Internet of Things (IoT)', 'Embedded Systems', 'Raspberry Pi', 'Sensor Integration', 'Edge Computing', 'Firmware Development', 'Zigbee', 'LoRaWAN', 'IoT Security']",Flask,"Flask, Matplotlib, Plotly, Heroku, AWS Lambda",Game Development,Education
Bank Account Management System With File Handling & OOP | C++ Project with source code,Build a bank account management system using file handling and OOP in C++.,"['Solidity', 'Blockchain', 'Cryptography', 'Smart Contracts', 'Decentralized Applications (DApps)', 'Hyperledger', 'Blockchain Testing', 'Consensus Mechanisms', 'Ethereum', 'Polkadot', 'IPFS']",IoT SDK,"Unity Editor, Blender, Unreal Engine, Oculus SDK, Photon",Game Development,Healthcare
Registration and Login Form With File Handling & OOP | C++ Project with source code,Develop a registration and login system using file handling and OOP in C++.,"['Python', 'Flask', 'Data Science', 'NumPy', 'SciPy', 'Data Wrangling', 'Predictive Modeling', 'Streamlit', 'Visualization Dashboards', 'Seaborn', 'Altair', 'Plotly']",IoT SDK,"Flask, Matplotlib, Plotly, Heroku, AWS Lambda",Cybersecurity,Technology
Hospital Management System With File Handling & OOP | C++ Project with source code,Design a hospital management system using MySQL and object-oriented programming in C++.,"['C#', 'Unity', 'Game Design', '3D Modeling', 'Physics Engines', 'Shader Programming', 'Augmented Reality (AR)', 'Virtual Reality (VR)', 'Game AI', 'Multiplayer Networking', 'Animation Systems']",IoT SDK,"Wireshark, Metasploit, Kali Linux, Burp Suite, Nessus",IoT,Education
Phone Book Management System With File Handling & OOP | C++ Project with source code,Create a phone book management system with file handling and OOP in C++.,"['Python', 'Network Security', 'Django', 'Penetration Testing', 'Encryption Algorithms', 'Ethical Hacking', 'Firewall Management', 'Cyber Threat Analysis', 'SIEM Tools', 'Incident Response', 'Network Forensics']",TensorFlow,"PyCharm, Seaborn, Pandas, Tableau",Game Development,Healthcare
How To Create Student Management System With File Handling & OOP in C++,Build a library management system using MySQL and object-oriented programming in C++.,"['Python', 'Natural Language Processing (NLP)', 'Machine Learning', 'Deep Learning', 'TensorFlow', 'PyTorch', 'Data Preprocessing', 'Model Deployment', 'OpenCV', 'Scikit-learn', 'Keras', 'Cloud Deployment']",Django,"Arduino IDE, Raspberry Pi SDK, MicroPython, Zigbee",Cybersecurity,Technology
Super Market Management System With File Handling & OOP | C++ Project with source code,Develop a gym management system with OOP concepts in C++.,"['HTML', 'CSS', 'JavaScript', 'PHP', 'Bootstrap', 'Responsive Design', 'Web APIs', 'SEO Optimization', 'RESTful Services', 'JSON', 'XML', 'AJAX']",IoT SDK,"Arduino IDE, Raspberry Pi SDK, MicroPython, Zigbee",Cybersecurity,Healthcare
How To Create Hostel Accommodation System In C++ Using MySQL & OOP | C++ Project,Create a movie ticket booking system using MySQL and OOP concepts in C++.,"['Python', 'Pandas', 'Scikit-learn', 'Matplotlib', 'Data Visualization', 'SQL', 'ETL Processes', 'Feature Engineering', 'Data Cleaning', 'Data Analysis', 'NumPy', 'Statsmodels']",Unity,"Truffle, Ganache, Remix IDE, MetaMask, IPFS",Cybersecurity,E-commerce
How to create Student Report Card Management System in C++ Using MySQL & OOP,Build a cafeteria order management system using object-oriented programming in C++.,"['Python', 'Big Data', 'Hadoop', 'Apache Spark', 'Data Warehousing', 'SQL', 'Data Pipelines', 'Hive', 'Cloud Storage', 'Kafka', 'AWS', 'Google Cloud']",Django,"Flask, Matplotlib, Plotly, Heroku, AWS Lambda",Blockchain,Healthcare
How to Create Movie Ticket Booking System in C++ using MySQL & OOP | C++ Project,Develop a traffic control management system using C++ and OOP.,"['JavaScript', 'Node.js', 'React', 'Redux', 'MongoDB', 'Express.js', 'TypeScript', 'Webpack', 'GraphQL', 'Jest', 'Next.js', 'Firebase']",IoT SDK,"Flask, Matplotlib, Plotly, Heroku, AWS Lambda",Web Development,Healthcare
How to Create Airline Reservation System in C++ using MySQL & OOP,Create a customer billing system for a retail store using C++ and OOP.,"['C++', 'Arduino', 'Internet of Things (IoT)', 'Embedded Systems', 'Raspberry Pi', 'Sensor Integration', 'Edge Computing', 'Firmware Development', 'Zigbee', 'LoRaWAN', 'IoT Security']",Express.js,"Webpack, Babel, NPM, Firebase Tools",Data Science,Entertainment
How to Encrypt And Decrypt Password in C++ Using MySQL & OOP,Build a cloth store management system using C++ and file handling concepts.,"['Solidity', 'Blockchain', 'Cryptography', 'Smart Contracts', 'Decentralized Applications (DApps)', 'Hyperledger', 'Blockchain Testing', 'Consensus Mechanisms', 'Ethereum', 'Polkadot', 'IPFS']",IoT SDK,"Apache Hive, Kafka, Spark UI, AWS Glue",IoT,Healthcare
"A Simple CRUD In C++ With MySQL | How to Create, Read, Update & Delete Data From MySQL",Develop an AI-based chatbot using NLP and machine learning techniques to assist users in real-time.,"['Python', 'Flask', 'Data Science', 'NumPy', 'SciPy', 'Data Wrangling', 'Predictive Modeling', 'Streamlit', 'Visualization Dashboards', 'Seaborn', 'Altair', 'Plotly']",Spark MLlib,"Jupyter Notebook, Anaconda, Google Colab, AWS SageMaker",Artificial Intelligence,Finance
Pharmacy Management System using C++ with MySQL | C++ Project with Source Code,"Build an e-commerce platform with dynamic product listings, secure payments, and a user-friendly interface.","['C#', 'Unity', 'Game Design', '3D Modeling', 'Physics Engines', 'Shader Programming', 'Augmented Reality (AR)', 'Virtual Reality (VR)', 'Game AI', 'Multiplayer Networking', 'Animation Systems']",Django,"Firebase, Heroku, Netlify, AWS Amplify",Web Development,E-commerce
How to Create Registration & Login Form in C++ using MySQL & OOP,Create a predictive system for diagnosing diseases based on patient data using machine learning models.,"['Python', 'Network Security', 'Django', 'Penetration Testing', 'Encryption Algorithms', 'Ethical Hacking', 'Firewall Management', 'Cyber Threat Analysis', 'SIEM Tools', 'Incident Response', 'Network Forensics']",TensorFlow,"Jupyter Notebook, Anaconda, Google Colab, AWS SageMaker",Data Science,Healthcare
How to create Car Rental System in C++ With MySQL | C++ Project with source code,Analyze trends and sentiments in social media data using advanced data visualization tools.,"['Python', 'Natural Language Processing (NLP)', 'Machine Learning', 'Deep Learning', 'TensorFlow', 'PyTorch', 'Data Preprocessing', 'Model Deployment', 'OpenCV', 'Scikit-learn', 'Keras', 'Cloud Deployment']",Express.js,"VS Code, Figma, Git, Chrome DevTools",Data Science,Healthcare
How to create Library Management System in C++ using MySQL & OOP | With source code,Develop an interactive online quiz application with real-time scoring and leaderboards.,"['HTML', 'CSS', 'JavaScript', 'PHP', 'Bootstrap', 'Responsive Design', 'Web APIs', 'SEO Optimization', 'RESTful Services', 'JSON', 'XML', 'AJAX']",Node.js,"Chrome DevTools, Webpack, NPM",Web Development,Business
How to Connect C++ with MySQL | Tutorial For Beginners,Implement IoT solutions for automating household devices with remote monitoring capabilities.,"['Python', 'Pandas', 'Scikit-learn', 'Matplotlib', 'Data Visualization', 'SQL', 'ETL Processes', 'Feature Engineering', 'Data Cleaning', 'Data Analysis', 'NumPy', 'Statsmodels']",Node-RED,"Node-RED, Blynk, ThingSpeak",Hardware Engineering,Smart Home
"How to Insert, Delete & Update Data in MySQL Using C++ | Comple Project with source code",Design a blockchain system to enable secure and transparent voting mechanisms.,"['Python', 'Big Data', 'Hadoop', 'Apache Spark', 'Data Warehousing', 'SQL', 'Data Pipelines', 'Hive', 'Cloud Storage', 'Kafka', 'AWS', 'Google Cloud']",Ethereum,"IPFS, Infura, Chainlink, Moralis",Fintech,Voting Systems
How to create University Management System in C++ using MySQL & OOP,Develop a weather forecasting application using historical data and predictive analytics.,"['JavaScript', 'Node.js', 'React', 'Redux', 'MongoDB', 'Express.js', 'TypeScript', 'Webpack', 'GraphQL', 'Jest', 'Next.js', 'Firebase']",Express.js,"Chrome DevTools, Webpack, NPM",Web Development,Entertainment
Gym Management System using OOPS | Complete C++ Project with source code,Create an immersive game with engaging mechanics and high-quality graphics.,"['C++', 'Arduino', 'Internet of Things (IoT)', 'Embedded Systems', 'Raspberry Pi', 'Sensor Integration', 'Edge Computing', 'Firmware Development', 'Zigbee', 'LoRaWAN', 'IoT Security']",Ethereum,"Jupyter Notebook, Anaconda, Google Colab, AWS SageMaker",Game Development,Technology
Movie Ticket Booking Management in C++ | Complete C++ Project with source code,Design a dashboard for monitoring cybersecurity threats and managing preventive actions.,"['Solidity', 'Blockchain', 'Cryptography', 'Smart Contracts', 'Decentralized Applications (DApps)', 'Hyperledger', 'Blockchain Testing', 'Consensus Mechanisms', 'Ethereum', 'Polkadot', 'IPFS']",OWASP,"Kali Linux, Wireshark, Burp Suite",Cybersecurity,Banking
Cafeteria Order Management using OOPS | Complete C++ Project with source code,Classify SONAR signals as rocks or mines using Python and machine learning.,"['Python', 'Flask', 'Data Science', 'NumPy', 'SciPy', 'Data Wrangling', 'Predictive Modeling', 'Streamlit', 'Visualization Dashboards', 'Seaborn', 'Altair', 'Plotly']",TensorFlow,"MLflow, DataRobot, H2O.ai, Databricks",Analytics,Finance
Traffic Control Management System in C++ | Complete C++ Project with source code,"Predict house prices based on features like location, size, and amenities using regression techniques.","['C#', 'Unity', 'Game Design', '3D Modeling', 'Physics Engines', 'Shader Programming', 'Augmented Reality (AR)', 'Virtual Reality (VR)', 'Game AI', 'Multiplayer Networking', 'Animation Systems']",XGBoost,"Kaggle Notebooks, Weights & Biases, Neptune.ai",Data Science,Technology
Telecom Billing System using OOP | Complete C++ Project,Detect fake news articles using natural language processing and machine learning.,"['Python', 'Network Security', 'Django', 'Penetration Testing', 'Encryption Algorithms', 'Ethical Hacking', 'Firewall Management', 'Cyber Threat Analysis', 'SIEM Tools', 'Incident Response', 'Network Forensics']",PyTorch,"MLflow, DataRobot, H2O.ai, Databricks",Artificial Intelligence,Education
Customer Billing System using OOP | Complete C++ Project,Build a system to predict loan approval status using applicant's financial data and credit history.,"['Python', 'Natural Language Processing (NLP)', 'Machine Learning', 'Deep Learning', 'TensorFlow', 'PyTorch', 'Data Preprocessing', 'Model Deployment', 'OpenCV', 'Scikit-learn', 'Keras', 'Cloud Deployment']",Express.js,"VS Code, Git, Docker, Postman",Web Development,Entertainment
Hostel Accommodation System using OOP | Complete C++ Project with source code,Predict the quality of wine based on physicochemical tests using classification algorithms.,"['HTML', 'CSS', 'JavaScript', 'PHP', 'Bootstrap', 'Responsive Design', 'Web APIs', 'SEO Optimization', 'RESTful Services', 'JSON', 'XML', 'AJAX']",NumPy,"Kaggle Notebooks, Weights & Biases, Neptune.ai",Artificial Intelligence,Education
Super Market Billing System | Complete C++ Project for beginners,"Estimate car prices by analyzing features like brand, mileage, and condition using regression.","['Python', 'Pandas', 'Scikit-learn', 'Matplotlib', 'Data Visualization', 'SQL', 'ETL Processes', 'Feature Engineering', 'Data Cleaning', 'Data Analysis', 'NumPy', 'Statsmodels']",NumPy,"Jupyter Notebook, Anaconda, Google Colab, AWS SageMaker",Analytics,Finance
Cloth Store Management System using OOP | Complete C++ Project with Source Code,Predict the price of gold by analyzing historical market trends using machine learning.,"['Python', 'Big Data', 'Hadoop', 'Apache Spark', 'Data Warehousing', 'SQL', 'Data Pipelines', 'Hive', 'Cloud Storage', 'Kafka', 'AWS', 'Google Cloud']",TensorFlow,"Kaggle Notebooks, Weights & Biases, Neptune.ai",Artificial Intelligence,Education
Fee Inquiry Management using OOPS | Complete C++ Project with source code,Develop a model to identify potential heart disease cases using patient health data.,"['JavaScript', 'Node.js', 'React', 'Redux', 'MongoDB', 'Express.js', 'TypeScript', 'Webpack', 'GraphQL', 'Jest', 'Next.js', 'Firebase']",Express.js,"Jupyter Notebook, Anaconda, Google Colab, AWS SageMaker",Cybersecurity,Entertainment
Database Management System | Complete C++ Project with source code,Create a fraud detection system for credit card transactions using anomaly detection techniques.,"['C++', 'Arduino', 'Internet of Things (IoT)', 'Embedded Systems', 'Raspberry Pi', 'Sensor Integration', 'Edge Computing', 'Firmware Development', 'Zigbee', 'LoRaWAN', 'IoT Security']",Flask,"Nessus, Acunetix, Qualys",Network Security,Technology
Student Attendance Management in C++ | Complete C++ Project for beginners,Predict medical insurance costs based on patient demographics and health conditions using regression.,"['Solidity', 'Blockchain', 'Cryptography', 'Smart Contracts', 'Decentralized Applications (DApps)', 'Hyperledger', 'Blockchain Testing', 'Consensus Mechanisms', 'Ethereum', 'Polkadot', 'IPFS']",XGBoost,"Jupyter Notebook, Anaconda, Google Colab, AWS SageMaker",Data Science,Technology
Human Resource Management | Complete C++ Project for beginners,Forecast sales for a retail store based on historical data using time series analysis.,"['Python', 'Flask', 'Data Science', 'NumPy', 'SciPy', 'Data Wrangling', 'Predictive Modeling', 'Streamlit', 'Visualization Dashboards', 'Seaborn', 'Altair', 'Plotly']",Express.js,"Arduino IDE, Raspberry Pi SDK, MicroPython, Zigbee",Web Development,Entertainment
Payroll Management in C++ | Complete C++ Projects for Beginners,Segment customers into groups based on purchasing behavior using clustering techniques.,"['C#', 'Unity', 'Game Design', '3D Modeling', 'Physics Engines', 'Shader Programming', 'Augmented Reality (AR)', 'Virtual Reality (VR)', 'Game AI', 'Multiplayer Networking', 'Animation Systems']",Unity,"Unity Editor, Blender, Unreal Engine, Oculus SDK, Photon",Blockchain,E-commerce
Atm Card Validation in C++ | Complete C++ Project for beginners,Build a machine learning model to detect Parkinson's disease based on vocal data.,"['Python', 'Network Security', 'Django', 'Penetration Testing', 'Encryption Algorithms', 'Ethical Hacking', 'Firewall Management', 'Cyber Threat Analysis', 'SIEM Tools', 'Incident Response', 'Network Forensics']",Scikit-learn,"Kaggle Notebooks, Weights & Biases, Neptune.ai",Artificial Intelligence,Finance
Travel Agency Management | Complete C++ Project for beginners,Predict survival chances of Titanic passengers based on their demographics and ticket details.,"['Python', 'Natural Language Processing (NLP)', 'Machine Learning', 'Deep Learning', 'TensorFlow', 'PyTorch', 'Data Preprocessing', 'Model Deployment', 'OpenCV', 'Scikit-learn', 'Keras', 'Cloud Deployment']",Django,"Webpack, Babel, NPM, Firebase Tools",IoT,Healthcare
